Source,Target,Type,Id,Weight
1,9,Undirected,1,0.694411
1,22,Undirected,2,1.73635
1,25,Undirected,3,3.24088
1,33,Undirected,4,1.99555
1,44,Undirected,5,1.26141
1,49,Undirected,6,1.83292
1,66,Undirected,7,0.877643
1,69,Undirected,8,0.719653
1,74,Undirected,9,0.7182
1,76,Undirected,10,0.869397
1,91,Undirected,11,0.597241
1,98,Undirected,12,0.544066
2,4,Undirected,13,1.25778
2,10,Undirected,14,1.57928
2,14,Undirected,15,1.57924
2,19,Undirected,16,1.03515
2,36,Undirected,17,1.09095
2,48,Undirected,18,0.831589
2,60,Undirected,19,0.703609
2,69,Undirected,20,53.1996
2,71,Undirected,21,0.668276
2,84,Undirected,22,0.48952
2,95,Undirected,23,0.501446
2,97,Undirected,24,0.809937
3,6,Undirected,25,2.24436
3,7,Undirected,26,1.93232
3,8,Undirected,27,1.84723
3,17,Undirected,28,1.90362
3,36,Undirected,29,2.63882
3,41,Undirected,30,1.80807
3,46,Undirected,31,1.11479
3,67,Undirected,32,0.807
3,79,Undirected,33,0.607127
3,85,Undirected,34,0.510716
3,89,Undirected,35,0.530079
3,93,Undirected,36,0.530628
4,2,Undirected,37,1.42297
4,10,Undirected,38,1.83507
4,12,Undirected,39,0.788946
4,14,Undirected,40,1.83502
4,19,Undirected,41,1.19669
4,28,Undirected,42,1.93537
4,39,Undirected,43,0.425854
4,63,Undirected,44,0.843931
4,65,Undirected,45,0.766765
4,71,Undirected,46,0.76927
4,99,Undirected,47,0.50887
4,100,Undirected,48,0.501543
5,34,Undirected,49,203.744
5,39,Undirected,50,1.74797
5,42,Undirected,51,1.93665
5,57,Undirected,52,1.12138
5,61,Undirected,53,1.09786
5,76,Undirected,54,0.878775
5,77,Undirected,55,0.798381
5,78,Undirected,56,0.821668
5,81,Undirected,57,0.798368
5,82,Undirected,58,0.848502
5,92,Undirected,59,0.758439
5,99,Undirected,60,0.56258
6,3,Undirected,61,2.3625
6,7,Undirected,62,1.9763
6,8,Undirected,63,1.89048
6,10,Undirected,64,0.694432
6,17,Undirected,65,1.94736
6,31,Undirected,66,1.79642
6,46,Undirected,67,1.14802
6,67,Undirected,68,0.83378
6,75,Undirected,69,0.758294
6,85,Undirected,70,0.529667
6,89,Undirected,71,0.549603
6,93,Undirected,72,0.550167
7,3,Undirected,73,2.06233
7,6,Undirected,74,2.00379
7,17,Undirected,75,1.72275
7,46,Undirected,76,1.04742
7,55,Undirected,77,1.1087
7,64,Undirected,78,2.63736
7,67,Undirected,79,0.772405
7,79,Undirected,80,0.589358
7,85,Undirected,81,0.499589
7,87,Undirected,82,1.81793
7,89,Undirected,83,0.517707
7,93,Undirected,84,0.518219
8,3,Undirected,85,2.13085
8,6,Undirected,86,2.07169
8,17,Undirected,87,1.78682
8,31,Undirected,88,1.65946
8,40,Undirected,89,0.410766
8,46,Undirected,90,1.0962
8,67,Undirected,91,0.812035
8,79,Undirected,92,0.621757
8,81,Undirected,93,2.13325
8,85,Undirected,94,0.528065
8,89,Undirected,95,0.546992
8,93,Undirected,96,0.547527
9,1,Undirected,97,0.694415
9,16,Undirected,98,2.01424
9,23,Undirected,99,1.33598
9,29,Undirected,100,1.27252
9,30,Undirected,101,1.30497
9,31,Undirected,102,1.49989
9,35,Undirected,103,0.916934
9,43,Undirected,104,1.22524
9,45,Undirected,105,1.24538
9,70,Undirected,106,0.854123
9,87,Undirected,107,0.476809
9,92,Undirected,108,0.612733
10,2,Undirected,109,1.57263
10,4,Undirected,110,1.6152
10,6,Undirected,111,0.694422
10,14,Undirected,112,2.09595
10,19,Undirected,113,1.29648
10,28,Undirected,114,2.22726
10,59,Undirected,115,1.3365
10,63,Undirected,116,0.883053
10,65,Undirected,117,0.79558
10,71,Undirected,118,0.798403
10,99,Undirected,119,0.511605
10,100,Undirected,120,0.503738
11,16,Undirected,121,2.76927
11,18,Undirected,122,2.05225
11,29,Undirected,123,1.62962
11,35,Undirected,124,1.12772
11,43,Undirected,125,1.56115
11,52,Undirected,126,1.40204
11,54,Undirected,127,1.36517
11,80,Undirected,128,0.701554
11,83,Undirected,129,0.782777
11,87,Undirected,130,0.551323
11,96,Undirected,131,0.522344
11,97,Undirected,132,0.52218
12,4,Undirected,133,0.694413
12,15,Undirected,134,1.93007
12,21,Undirected,135,2.31026
12,34,Undirected,136,1.26679
12,45,Undirected,137,1.38707
12,48,Undirected,138,0.99869
12,51,Undirected,139,1.44873
12,60,Undirected,140,0.831832
12,62,Undirected,141,0.759518
12,70,Undirected,142,0.933454
12,84,Undirected,143,0.561899
12,94,Undirected,144,0.65037
13,23,Undirected,145,1.97265
13,30,Undirected,146,1.91871
13,31,Undirected,147,2.2636
13,45,Undirected,148,1.81596
13,46,Undirected,149,0.300438
13,51,Undirected,150,1.90619
13,70,Undirected,151,1.17381
13,73,Undirected,152,0.965617
13,87,Undirected,153,0.61105
13,92,Undirected,154,0.806965
13,97,Undirected,155,0.578092
13,100,Undirected,156,0.59625
14,2,Undirected,157,1.66648
14,4,Undirected,158,1.7116
14,10,Undirected,159,2.22109
14,19,Undirected,160,1.37386
14,28,Undirected,161,2.36017
14,59,Undirected,162,1.41627
14,63,Undirected,163,0.935762
14,65,Undirected,164,0.843069
14,71,Undirected,165,0.84606
14,88,Undirected,166,0.288545
14,99,Undirected,167,0.542145
14,100,Undirected,168,0.533808
15,12,Undirected,169,1.99977
15,21,Undirected,170,2.30739
15,36,Undirected,171,1.35835
15,37,Undirected,172,0.388362
15,45,Undirected,173,1.39675
15,48,Undirected,174,1.00999
15,51,Undirected,175,1.45794
15,52,Undirected,176,1.24388
15,70,Undirected,177,0.944773
15,80,Undirected,178,0.651624
15,84,Undirected,179,0.571699
15,94,Undirected,180,0.660806
16,9,Undirected,181,2.31784
16,11,Undirected,182,3.20618
16,18,Undirected,183,2.31904
16,35,Undirected,184,1.28231
16,43,Undirected,185,1.76955
16,52,Undirected,186,1.59095
16,54,Undirected,187,1.54953
16,80,Undirected,188,0.800761
16,87,Undirected,189,0.6303
16,94,Undirected,190,0.127146
16,96,Undirected,191,0.597377
16,97,Undirected,192,0.597183
17,3,Undirected,193,2.33602
17,6,Undirected,194,2.2702
17,7,Undirected,195,1.98079
17,8,Undirected,196,1.90084
17,31,Undirected,197,1.81278
17,46,Undirected,198,1.19154
17,67,Undirected,199,0.879992
17,75,Undirected,200,0.803932
17,79,Undirected,201,0.672227
17,85,Undirected,202,0.570203
17,86,Undirected,203,0.674992
17,89,Undirected,204,0.590797
17,93,Undirected,205,0.591379
18,11,Undirected,206,2.41951
18,16,Undirected,207,2.36147
18,29,Undirected,208,1.49174
18,35,Undirected,209,1.07483
18,40,Undirected,210,1.73502
18,43,Undirected,211,1.4363
18,52,Undirected,212,1.30578
18,54,Undirected,213,1.27522
18,80,Undirected,214,0.698078
18,87,Undirected,215,0.558859
18,96,Undirected,216,0.531547
18,97,Undirected,217,0.531392
18,99,Undirected,218,0.609918
19,2,Undirected,219,1.27302
19,4,Undirected,220,1.30083
19,10,Undirected,221,1.60114
19,14,Undirected,222,1.60111
19,28,Undirected,223,1.67921
19,59,Undirected,224,1.11482
19,63,Undirected,225,0.788275
19,65,Undirected,226,0.721121
19,71,Undirected,227,0.723312
19,76,Undirected,228,2.85481
19,96,Undirected,229,0.558606
19,99,Undirected,230,0.491215
19,100,Undirected,231,0.48455
20,22,Undirected,232,1.86346
20,31,Undirected,233,0.631597
20,39,Undirected,234,1.78327
20,56,Undirected,235,1.2154
20,66,Undirected,236,0.983768
20,72,Undirected,237,0.910965
20,73,Undirected,238,1.0115
20,74,Undirected,239,0.813417
20,77,Undirected,240,1.38965
20,90,Undirected,241,0.76779
20,91,Undirected,242,0.68232
20,95,Undirected,243,0.744156
20,98,Undirected,244,0.62413
21,12,Undirected,245,2.85101
21,15,Undirected,246,2.74822
21,22,Undirected,247,1.97911
21,55,Undirected,248,1.5955
21,59,Undirected,249,0.271145
21,65,Undirected,250,1.05822
21,66,Undirected,251,1.02325
21,74,Undirected,252,0.841847
21,76,Undirected,253,1.01392
21,84,Undirected,254,0.748125
21,91,Undirected,255,0.703207
21,94,Undirected,256,0.871023
21,98,Undirected,257,0.641955
22,1,Undirected,258,2.07985
22,20,Undirected,259,1.78174
22,21,Undirected,260,1.92099
22,48,Undirected,261,0.934116
22,54,Undirected,262,1.10003
22,57,Undirected,263,0.416858
22,58,Undirected,264,98367.3
22,60,Undirected,265,0.794105
22,62,Undirected,266,0.732035
22,66,Undirected,267,0.73153
22,84,Undirected,268,0.55752
22,91,Undirected,269,0.528023
22,94,Undirected,270,0.636593
23,9,Undirected,271,1.73165
23,13,Undirected,272,2.42066
23,30,Undirected,273,1.47021
23,31,Undirected,274,1.67344
23,51,Undirected,275,1.46262
23,70,Undirected,276,0.987646
23,73,Undirected,277,0.839105
23,87,Undirected,278,0.567154
23,88,Undirected,279,1.08698
23,92,Undirected,280,0.720714
23,93,Undirected,281,0.40616
23,97,Undirected,282,0.540413
23,100,Undirected,283,0.555179
24,34,Undirected,284,1.34309
24,49,Undirected,285,1.56162
24,50,Undirected,286,1.23317
24,56,Undirected,287,1.01033
24,60,Undirected,288,67367.6
24,63,Undirected,289,0.944221
24,64,Undirected,290,0.821457
24,68,Undirected,291,0.821457
24,69,Undirected,292,0.697212
24,72,Undirected,293,0.773527
24,73,Undirected,294,0.852574
24,76,Undirected,295,0.294122
24,90,Undirected,296,0.659369
25,1,Undirected,297,3.95893
25,37,Undirected,298,2.77034
25,44,Undirected,299,1.51096
25,47,Undirected,300,2.35873
25,69,Undirected,301,0.866156
25,72,Undirected,302,0.973064
25,81,Undirected,303,0.310547
25,83,Undirected,304,0.959967
25,86,Undirected,305,0.936548
25,90,Undirected,306,0.813895
25,91,Undirected,307,0.71977
25,96,Undirected,308,0.654417
25,98,Undirected,309,0.656089
26,27,Undirected,310,1.97235
26,42,Undirected,311,1.82275
26,44,Undirected,312,1.30981
26,51,Undirected,313,0.357559
26,61,Undirected,314,1.12973
26,69,Undirected,315,0.781746
26,74,Undirected,316,0.780279
26,77,Undirected,317,0.856251
26,81,Undirected,318,0.85624
26,86,Undirected,319,0.841005
26,90,Undirected,320,4.39526
26,91,Undirected,321,0.656982
26,98,Undirected,322,0.602017
27,26,Undirected,323,2.00048
27,40,Undirected,324,1.73653
27,41,Undirected,325,0.477915
27,42,Undirected,326,1.56192
27,57,Undirected,327,1.01948
27,61,Undirected,328,1.00224
27,76,Undirected,329,0.836205
27,77,Undirected,330,0.772517
27,81,Undirected,331,0.772517
27,83,Undirected,332,0.776249
27,84,Undirected,333,1.29638
27,86,Undirected,334,0.759544
27,99,Undirected,335,0.575533
28,4,Undirected,336,2.02243
28,10,Undirected,337,2.64425
28,14,Undirected,338,2.64418
28,19,Undirected,339,1.61426
28,44,Undirected,340,1.33873
28,49,Undirected,341,1.90242
28,69,Undirected,342,0.784559
28,74,Undirected,343,0.783042
28,89,Undirected,344,0.480855
28,91,Undirected,345,0.655972
28,98,Undirected,346,0.599652
28,99,Undirected,347,0.625746
28,100,Undirected,348,0.615989
29,9,Undirected,349,1.48857
29,11,Undirected,350,1.91796
29,18,Undirected,351,1.48918
29,35,Undirected,352,0.917447
29,40,Undirected,353,1.42243
29,43,Undirected,354,1.19769
29,54,Undirected,355,1.07401
29,56,Undirected,356,1.63441
29,78,Undirected,357,4.3961
29,80,Undirected,358,0.613675
29,87,Undirected,359,0.497721
29,96,Undirected,360,0.4747
29,97,Undirected,361,0.474569
30,9,Undirected,362,1.62691
30,13,Undirected,363,2.26462
30,23,Undirected,364,1.4141
30,32,Undirected,365,1.84626
30,45,Undirected,366,1.32538
30,57,Undirected,367,6.49112
30,58,Undirected,368,0.729353
30,64,Undirected,369,0.766191
30,68,Undirected,370,0.766191
30,87,Undirected,371,0.538211
30,88,Undirected,372,0.628249
30,96,Undirected,373,0.365646
30,100,Undirected,374,0.526927
31,6,Undirected,375,2.10835
31,8,Undirected,376,1.77724
31,9,Undirected,377,1.76036
31,13,Undirected,378,2.51518
31,17,Undirected,379,1.82499
31,20,Undirected,380,0.591718
31,23,Undirected,381,1.51528
31,53,Undirected,382,1.32812
31,79,Undirected,383,0.647431
31,85,Undirected,384,0.55107
31,87,Undirected,385,0.548267
31,92,Undirected,386,0.702647
31,93,Undirected,387,0.571117
32,30,Undirected,388,1.81313
32,34,Undirected,389,1.57443
32,41,Undirected,390,2.16611
32,50,Undirected,391,1.43551
32,56,Undirected,392,1.15845
32,58,Undirected,393,0.879293
32,64,Undirected,394,0.928713
32,68,Undirected,395,0.928713
32,75,Undirected,396,0.901836
32,78,Undirected,397,0.877841
32,82,Undirected,398,0.903257
32,84,Undirected,399,0.301043
32,88,Undirected,400,0.745781
33,1,Undirected,401,2.75906
33,44,Undirected,402,1.25035
33,54,Undirected,403,1.40356
33,56,Undirected,404,1.11128
33,62,Undirected,405,6.71916
33,66,Undirected,406,0.915929
33,71,Undirected,407,0.946937
33,72,Undirected,408,0.853385
33,74,Undirected,409,0.768648
33,88,Undirected,410,0.738087
33,89,Undirected,411,0.669465
33,90,Undirected,412,0.728625
33,96,Undirected,413,0.599475
33,98,Undirected,414,0.600852
34,5,Undirected,415,327.496
34,12,Undirected,416,1.84395
34,24,Undirected,417,1.59355
34,32,Undirected,418,1.87183
34,36,Undirected,419,1.34048
34,58,Undirected,420,0.778368
34,60,Undirected,421,0.892186
34,62,Undirected,422,0.824978
34,64,Undirected,423,0.815893
34,68,Undirected,424,0.815893
34,71,Undirected,425,0.199662
34,82,Undirected,426,0.796613
34,84,Undirected,427,0.634265
34,94,Undirected,428,0.721004
35,9,Undirected,429,1.25106
35,11,Undirected,430,1.54807
35,16,Undirected,431,1.52041
35,18,Undirected,432,1.2515
35,29,Undirected,433,1.07008
35,40,Undirected,434,1.20363
35,43,Undirected,435,1.03868
35,52,Undirected,436,0.963188
35,54,Undirected,437,0.945181
35,66,Undirected,438,1.18392
35,69,Undirected,439,3.80654
35,80,Undirected,440,0.576439
35,96,Undirected,441,0.457128
35,97,Undirected,442,0.457014
36,2,Undirected,443,1.53299
36,3,Undirected,444,3.91968
36,15,Undirected,445,1.85002
36,34,Undirected,446,1.29954
36,42,Undirected,447,0.528937
36,48,Undirected,448,1.05923
36,55,Undirected,449,1.20373
36,60,Undirected,450,0.903131
36,62,Undirected,451,0.833689
36,65,Undirected,452,0.857068
36,80,Undirected,453,0.717556
36,84,Undirected,454,0.637662
36,94,Undirected,455,0.726639
36,95,Undirected,456,0.652609
37,15,Undirected,457,0.510196
37,25,Undirected,458,3.08692
37,38,Undirected,459,2.87023
37,39,Undirected,460,1.73522
37,50,Undirected,461,1.48228
37,69,Undirected,462,0.821327
37,71,Undirected,463,1.0191
37,72,Undirected,464,0.914178
37,73,Undirected,465,1.01084
37,83,Undirected,466,0.902872
37,88,Undirected,467,0.785925
37,90,Undirected,468,0.77545
37,95,Undirected,469,0.752408
37,96,Undirected,470,0.633314
38,37,Undirected,471,2.87026
38,39,Undirected,472,2.07205
38,43,Undirected,473,0.510203
38,46,Undirected,474,1.64495
38,53,Undirected,475,1.97076
38,67,Undirected,476,1.18555
38,79,Undirected,477,0.888939
38,85,Undirected,478,0.74643
38,88,Undirected,479,0.884051
38,89,Undirected,480,0.77502
38,90,Undirected,481,0.87155
38,93,Undirected,482,0.77583
38,95,Undirected,483,0.844143
38,96,Undirected,484,0.703635
39,4,Undirected,485,0.510195
39,5,Undirected,486,2.62735
39,20,Undirected,487,1.93754
39,37,Undirected,488,1.73522
39,38,Undirected,489,2.07202
39,42,Undirected,490,1.44194
39,50,Undirected,491,1.16668
39,57,Undirected,492,0.967022
39,72,Undirected,493,0.755699
39,77,Undirected,494,0.743782
39,81,Undirected,495,0.743782
39,83,Undirected,496,0.747194
39,86,Undirected,497,0.731913
39,90,Undirected,498,0.650308
40,8,Undirected,499,0.510196
40,18,Undirected,500,2.0154
40,27,Undirected,501,1.85382
40,29,Undirected,502,1.65513
40,35,Undirected,503,1.20077
40,42,Undirected,504,1.72229
40,43,Undirected,505,1.59498
40,57,Undirected,506,1.11714
40,61,Undirected,507,1.098
40,77,Undirected,508,0.843644
40,81,Undirected,509,0.843644
40,87,Undirected,510,0.631123
40,96,Undirected,511,0.600696
40,97,Undirected,512,0.600523
41,3,Undirected,513,2.59054
41,27,Undirected,514,0.510199
41,32,Undirected,515,2.40819
41,53,Undirected,516,1.57721
41,58,Undirected,517,0.888861
41,59,Undirected,518,1.59332
41,63,Undirected,519,1.07845
41,64,Undirected,520,0.936394
41,67,Undirected,521,0.99532
41,68,Undirected,522,0.936394
41,79,Undirected,523,0.763354
41,82,Undirected,524,0.911927
41,85,Undirected,525,0.648914
41,89,Undirected,526,0.672044
42,5,Undirected,527,2.91097
42,26,Undirected,528,1.97363
42,27,Undirected,529,1.66743
42,36,Undirected,530,0.510199
42,39,Undirected,531,1.44195
42,40,Undirected,532,1.7223
42,57,Undirected,533,1.02844
42,61,Undirected,534,1.01153
42,77,Undirected,535,0.784964
42,81,Undirected,536,0.784964
42,82,Undirected,537,0.824477
42,86,Undirected,538,0.772099
42,92,Undirected,539,0.752971
42,99,Undirected,540,0.58873
43,9,Undirected,541,1.66776
43,11,Undirected,542,2.13799
43,16,Undirected,543,2.09316
43,18,Undirected,544,1.66843
43,29,Undirected,545,1.39364
43,35,Undirected,546,1.03623
43,38,Undirected,547,0.510204
43,40,Undirected,548,1.595
43,52,Undirected,549,1.23629
43,54,Undirected,550,1.21013
43,80,Undirected,551,0.696872
43,87,Undirected,552,0.566563
43,96,Undirected,553,0.540634
43,97,Undirected,554,0.540487
44,1,Undirected,555,1.80841
44,25,Undirected,556,1.77328
44,26,Undirected,557,1.49374
44,28,Undirected,558,1.61656
44,33,Undirected,559,1.2965
44,48,Undirected,560,1658.88
44,49,Undirected,561,1.22389
44,54,Undirected,562,1.03842
44,66,Undirected,563,0.719983
44,72,Undirected,564,0.676889
44,86,Undirected,565,0.657197
44,90,Undirected,566,0.234304
44,91,Undirected,567,0.534567
44,98,Undirected,568,0.496413
45,9,Undirected,569,1.77559
45,12,Undirected,570,1.9776
45,13,Undirected,571,2.45116
45,15,Undirected,572,1.92201
45,30,Undirected,573,1.51573
45,51,Undirected,574,1.50815
45,55,Undirected,575,1.24381
45,60,Undirected,576,0.930399
45,62,Undirected,577,0.858203
45,67,Undirected,578,0.245804
45,92,Undirected,579,0.757437
45,94,Undirected,580,0.747073
45,95,Undirected,581,0.670347
45,97,Undirected,582,0.571397
46,3,Undirected,583,1.83355
46,6,Undirected,584,1.79379
46,7,Undirected,585,1.61414
46,8,Undirected,586,1.563
46,13,Undirected,587,0.444439
46,17,Undirected,588,1.59703
46,38,Undirected,589,1.88831
46,47,Undirected,590,1.44342
46,53,Undirected,591,1.22965
46,55,Undirected,592,1.12547
46,67,Undirected,593,0.835312
46,79,Undirected,594,0.664354
46,85,Undirected,595,0.576315
46,89,Undirected,596,0.594333
46,93,Undirected,597,0.59484
47,25,Undirected,598,3.01623
47,46,Undirected,599,1.44298
47,65,Undirected,600,6.11966
47,66,Undirected,601,1.02983
47,67,Undirected,602,1.08064
47,69,Undirected,603,0.86612
47,74,Undirected,604,0.864574
47,75,Undirected,605,0.990968
47,79,Undirected,606,0.834446
47,85,Undirected,607,0.712006
47,89,Undirected,608,0.736807
47,91,Undirected,609,0.734686
47,93,Undirected,610,0.737516
47,95,Undirected,611,0.839849
47,98,Undirected,612,0.676193
48,2,Undirected,613,1.30279
48,12,Undirected,614,1.57121
48,15,Undirected,615,1.53361
48,22,Undirected,616,1.2269
48,36,Undirected,617,1.18092
48,44,Undirected,618,1820.45
48,52,Undirected,619,1.10443
48,60,Undirected,620,0.814897
48,62,Undirected,621,0.758197
48,65,Undirected,622,0.777352
48,70,Undirected,623,0.891979
48,74,Undirected,624,0.403657
48,80,Undirected,625,0.661808
48,84,Undirected,626,0.594267
48,94,Undirected,627,0.669421
49,1,Undirected,628,2.79338
49,24,Undirected,629,1.9399
49,28,Undirected,630,2.44204
49,44,Undirected,631,1.30104
49,58,Undirected,632,0.904398
49,63,Undirected,633,1.08699
49,64,Undirected,634,0.95043
49,66,Undirected,635,0.960925
49,68,Undirected,636,0.95043
49,74,Undirected,637,0.809712
49,78,Undirected,638,0.903041
49,79,Undirected,639,0.764112
49,88,Undirected,640,0.778228
49,91,Undirected,641,0.690256
49,98,Undirected,642,0.636258
50,24,Undirected,643,1.57345
50,32,Undirected,644,1.83534
50,37,Undirected,645,1.70464
50,39,Undirected,646,1.3417
50,53,Undirected,647,4.7595
50,56,Undirected,648,0.990321
50,58,Undirected,649,0.788253
50,64,Undirected,650,0.825101
50,66,Undirected,651,0.878478
50,68,Undirected,652,0.825101
50,75,Undirected,653,0.805123
50,78,Undirected,654,0.787164
50,88,Undirected,655,0.686092
50,90,Undirected,656,0.678115
50,96,Undirected,657,0.567726
51,12,Undirected,658,2.26376
51,13,Undirected,659,2.81989
51,15,Undirected,660,2.19875
51,23,Undirected,661,1.76325
51,26,Undirected,662,0.444447
51,45,Undirected,663,1.65289
51,60,Undirected,664,1.05047
51,62,Undirected,665,0.967805
51,65,Undirected,666,0.995608
51,84,Undirected,667,0.735825
51,87,Undirected,668,0.672425
51,92,Undirected,669,0.852685
51,94,Undirected,670,0.840862
51,97,Undirected,671,0.640975
51,100,Undirected,672,0.658351
52,11,Undirected,673,2.1768
52,15,Undirected,674,1.8526
52,16,Undirected,675,2.1335
52,18,Undirected,676,1.71961
52,35,Undirected,677,1.08938
52,43,Undirected,678,1.40158
52,48,Undirected,679,1.08329
52,60,Undirected,680,0.928324
52,62,Undirected,681,0.859009
52,70,Undirected,682,1.02349
52,80,Undirected,683,0.742491
52,84,Undirected,684,0.661887
52,94,Undirected,685,0.751622
52,97,Undirected,686,0.580085
52,98,Undirected,687,0.572287
53,31,Undirected,688,1.76689
53,38,Undirected,689,2.26067
53,41,Undirected,690,1.80924
53,46,Undirected,691,1.22875
53,50,Undirected,692,4.74752
53,56,Undirected,693,0.942112
53,67,Undirected,694,0.93958
53,70,Undirected,695,1.07433
53,73,Undirected,696,0.919888
53,85,Undirected,697,0.635071
53,89,Undirected,698,0.655938
53,92,Undirected,699,0.795453
53,93,Undirected,700,0.656533
53,97,Undirected,701,0.603361
53,100,Undirected,702,0.619227
54,11,Undirected,703,2.20728
54,16,Undirected,704,2.16395
54,18,Undirected,705,1.74887
54,22,Undirected,706,1.47581
54,29,Undirected,707,1.47546
54,33,Undirected,708,1.63138
54,35,Undirected,709,1.11326
54,43,Undirected,710,1.4287
54,44,Undirected,711,1.16401
54,70,Undirected,712,0.277057
54,72,Undirected,713,0.824292
54,74,Undirected,714,0.749176
54,87,Undirected,715,0.623564
54,91,Undirected,716,0.64489
54,98,Undirected,717,0.597243
55,7,Undirected,718,1.73152
55,21,Undirected,719,2.04733
55,36,Undirected,720,1.35079
55,45,Undirected,721,1.38147
55,46,Undirected,722,1.14059
55,59,Undirected,723,1.32071
55,62,Undirected,724,0.844936
55,68,Undirected,725,4.97788
55,79,Undirected,726,0.698152
55,80,Undirected,727,0.732483
55,85,Undirected,728,0.604122
55,89,Undirected,729,0.623331
55,93,Undirected,730,0.623873
55,94,Undirected,731,0.741322
55,100,Undirected,732,0.64854
56,20,Undirected,733,1.72482
56,24,Undirected,734,1.46413
56,29,Undirected,735,2.48401
56,32,Undirected,736,1.68219
56,33,Undirected,737,1.42897
56,50,Undirected,738,1.12477
56,53,Undirected,739,1.07271
56,58,Undirected,740,0.77591
56,64,Undirected,741,0.809586
56,68,Undirected,742,0.809586
56,71,Undirected,743,0.840174
56,75,Undirected,744,0.791352
56,78,Undirected,745,0.774911
56,82,Undirected,746,0.792321
56,88,Undirected,747,0.681645
56,90,Undirected,748,0.674228
57,5,Undirected,749,2.20153
57,22,Undirected,750,0.61871
57,27,Undirected,751,1.42151
57,30,Undirected,752,9.25656
57,39,Undirected,753,1.26306
57,40,Undirected,754,1.45913
57,42,Undirected,755,1.34327
57,61,Undirected,756,0.940554
57,76,Undirected,757,0.809717
57,77,Undirected,758,0.757833
57,78,Undirected,759,0.773101
57,81,Undirected,760,0.757825
57,82,Undirected,761,0.79045
57,83,Undirected,762,0.760902
57,86,Undirected,763,0.747136
57,99,Undirected,764,0.590353
58,22,Undirected,765,148510
58,30,Undirected,766,1.05797
58,32,Undirected,767,1.29878
58,34,Undirected,768,0.967034
58,41,Undirected,769,1.18093
58,49,Undirected,770,1.07319
58,50,Undirected,771,0.910659
58,56,Undirected,772,0.789251
58,63,Undirected,773,0.75114
58,64,Undirected,774,0.677451
58,68,Undirected,775,0.677451
58,74,Undirected,776,3.43253
58,75,Undirected,777,0.663584
58,82,Undirected,778,0.664321
58,88,Undirected,779,0.579232
58,100,Undirected,780,0.576705
59,10,Undirected,781,2.3761
59,14,Undirected,782,2.37605
59,19,Undirected,783,1.60485
59,21,Undirected,784,0.390627
59,41,Undirected,785,2.0811
59,55,Undirected,786,1.48278
59,63,Undirected,787,1.15918
59,67,Undirected,788,1.07768
59,71,Undirected,789,1.06271
59,75,Undirected,790,0.993636
59,79,Undirected,791,0.845219
59,85,Undirected,792,0.727468
59,89,Undirected,793,0.751452
59,93,Undirected,794,0.752128
59,99,Undirected,795,0.71911
59,100,Undirected,796,0.709265
60,2,Undirected,797,1.25337
60,12,Undirected,798,1.48806
60,22,Undirected,799,1.18596
60,24,Undirected,800,98232.3
60,34,Undirected,801,1.09647
60,36,Undirected,802,1.14489
60,45,Undirected,803,1.16738
60,48,Undirected,804,0.926585
60,51,Undirected,805,1.20261
60,52,Undirected,806,1.07615
60,62,Undirected,807,0.757969
60,70,Undirected,808,0.882384
60,84,Undirected,809,0.602675
60,87,Undirected,810,0.349754
60,94,Undirected,811,0.674285
60,95,Undirected,812,0.614844
61,5,Undirected,813,2.15058
61,26,Undirected,814,1.59417
61,27,Undirected,815,1.39438
61,40,Undirected,816,1.43096
61,42,Undirected,817,1.31826
61,57,Undirected,818,0.93847
61,65,Undirected,819,0.489755
61,75,Undirected,820,53.0745
61,76,Undirected,821,0.797581
61,77,Undirected,822,0.746787
61,78,Undirected,823,0.761738
61,81,Undirected,824,0.746779
61,82,Undirected,825,0.778722
61,83,Undirected,826,0.749792
61,92,Undirected,827,0.720665
61,99,Undirected,828,0.582598
62,12,Undirected,829,1.51975
62,22,Undirected,830,1.22285
62,33,Undirected,831,9.72417
62,34,Undirected,832,1.13405
62,36,Undirected,833,1.18213
62,45,Undirected,834,1.20443
62,48,Undirected,835,0.964302
62,51,Undirected,836,1.23931
62,52,Undirected,837,1.11384
62,55,Undirected,838,1.06765
62,60,Undirected,839,0.847813
62,70,Undirected,840,0.919874
62,80,Undirected,841,0.701736
62,83,Undirected,842,0.565185
62,84,Undirected,843,0.635894
62,94,Undirected,844,0.709094
62,95,Undirected,845,0.648358
63,4,Undirected,846,1.47586
63,10,Undirected,847,1.75448
63,14,Undirected,848,1.75445
63,19,Undirected,849,1.26817
63,24,Undirected,850,1.52918
63,41,Undirected,851,1.5742
63,49,Undirected,852,1.41712
63,58,Undirected,853,0.825255
63,59,Undirected,854,1.29545
63,64,Undirected,855,0.86017
63,65,Undirected,856,0.88947
63,68,Undirected,857,0.860179
63,71,Undirected,858,0.891836
63,78,Undirected,859,0.824218
63,80,Undirected,860,0.42337
63,82,Undirected,861,0.842276
63,100,Undirected,862,0.625399
64,7,Undirected,863,5.20008
64,24,Undirected,864,1.33862
64,30,Undirected,865,1.22865
64,32,Undirected,866,1.51648
64,34,Undirected,867,1.12058
64,41,Undirected,868,1.37532
64,49,Undirected,869,1.24678
64,50,Undirected,870,1.05378
64,56,Undirected,871,0.910376
64,58,Undirected,872,0.748914
64,63,Undirected,873,0.865508
64,68,Undirected,874,0.778958
64,75,Undirected,875,0.7627
64,78,Undirected,876,0.748014
64,82,Undirected,877,0.763565
64,86,Undirected,878,0.696515
64,88,Undirected,879,0.664039
65,4,Undirected,880,1.35453
65,10,Undirected,881,1.59674
65,14,Undirected,882,1.59672
65,19,Undirected,883,1.17191
65,21,Undirected,884,1.72106
65,36,Undirected,885,1.21899
65,47,Undirected,886,7.86291
65,48,Undirected,887,0.99168
65,51,Undirected,888,1.2788
65,61,Undirected,889,0.554123
65,63,Undirected,890,0.898506
65,71,Undirected,891,0.835854
65,84,Undirected,892,0.650879
65,94,Undirected,893,0.726631
65,95,Undirected,894,0.663769
65,99,Undirected,895,0.600292
65,100,Undirected,896,0.59322
66,1,Undirected,897,1.76146
66,20,Undirected,898,1.57607
66,21,Undirected,899,1.66417
66,22,Undirected,900,1.22572
66,33,Undirected,901,1.32959
66,35,Undirected,902,1.74155
66,44,Undirected,903,1.00795
66,47,Undirected,904,1.32318
66,49,Undirected,905,1.26549
66,50,Undirected,906,1.12635
66,69,Undirected,907,0.694864
66,72,Undirected,908,0.753194
66,74,Undirected,909,0.69389
66,76,Undirected,910,0.790699
66,86,Undirected,911,0.73362
66,91,Undirected,912,0.609458
66,98,Undirected,913,0.57
67,3,Undirected,914,1.7049
67,6,Undirected,915,1.67339
67,7,Undirected,916,1.52894
67,8,Undirected,917,1.4872
67,17,Undirected,918,1.51498
67,38,Undirected,919,1.7481
67,41,Undirected,920,1.46761
67,45,Undirected,921,0.346023
67,46,Undirected,922,1.07293
67,47,Undirected,923,1.38847
67,53,Undirected,924,1.20775
67,59,Undirected,925,1.2166
67,75,Undirected,926,0.801166
67,79,Undirected,927,0.698201
67,85,Undirected,928,0.61369
67,89,Undirected,929,0.631116
67,93,Undirected,930,0.631612
68,24,Undirected,931,1.33992
68,30,Undirected,932,1.22985
68,32,Undirected,933,1.51796
68,34,Undirected,934,1.12167
68,41,Undirected,935,1.37666
68,49,Undirected,936,1.248
68,50,Undirected,937,1.05481
68,55,Undirected,938,6.29061
68,56,Undirected,939,0.911264
68,58,Undirected,940,0.749645
68,63,Undirected,941,0.866361
68,64,Undirected,942,0.779717
68,75,Undirected,943,0.763452
68,78,Undirected,944,0.748743
68,82,Undirected,945,0.76431
68,88,Undirected,946,0.664687
68,91,Undirected,947,0.636137
69,1,Undirected,948,1.44621
69,2,Undirected,949,106.458
69,24,Undirected,950,1.14206
69,25,Undirected,951,1.42492
69,26,Undirected,952,1.24969
69,28,Undirected,953,1.32799
69,35,Undirected,954,5.60658
69,37,Undirected,955,1.2126
69,47,Undirected,956,1.11425
69,66,Undirected,957,0.695751
69,74,Undirected,958,0.612005
69,83,Undirected,959,0.65517
69,85,Undirected,960,0.693003
69,86,Undirected,961,0.644807
69,90,Undirected,962,0.588176
69,96,Undirected,963,0.507683
69,98,Undirected,964,0.508573
70,9,Undirected,965,1.71426
70,12,Undirected,966,1.87349
70,13,Undirected,967,2.23039
70,15,Undirected,968,1.83012
70,23,Undirected,969,1.52932
70,48,Undirected,970,1.13791
70,52,Undirected,971,1.33116
70,53,Undirected,972,1.38096
70,54,Undirected,973,0.346023
70,60,Undirected,974,0.989989
70,62,Undirected,975,0.922683
70,73,Undirected,976,0.941925
70,84,Undirected,977,0.727071
70,92,Undirected,978,0.826921
70,94,Undirected,979,0.816945
70,97,Undirected,980,0.643859
70,100,Undirected,981,0.659258
71,2,Undirected,982,1.49734
71,4,Undirected,983,1.52353
71,10,Undirected,984,1.79647
71,14,Undirected,985,1.79644
71,19,Undirected,986,1.31783
71,33,Undirected,987,1.54109
71,34,Undirected,988,0.308642
71,37,Undirected,989,1.68466
71,56,Undirected,990,1.06335
71,59,Undirected,991,1.34498
71,63,Undirected,992,1.01
71,65,Undirected,993,0.937079
71,73,Undirected,994,0.933802
71,83,Undirected,995,0.857675
71,88,Undirected,996,0.771392
71,90,Undirected,997,0.763444
71,95,Undirected,998,0.745854
71,99,Undirected,999,0.674452
72,20,Undirected,1000,1.72892
72,24,Undirected,1001,1.49912
72,25,Undirected,1002,1.89397
72,33,Undirected,1003,1.46755
72,37,Undirected,1004,1.59687
72,39,Undirected,1005,1.32004
72,44,Undirected,1006,1.1226
72,54,Undirected,1007,1.21956
72,66,Undirected,1008,0.892274
72,74,Undirected,1009,0.780879
72,76,Undirected,1010,0.886779
72,82,Undirected,1011,0.262708
72,83,Undirected,1012,0.838189
72,90,Undirected,1013,0.749341
72,91,Undirected,1014,0.688051
72,93,Undirected,1015,1.59225
72,95,Undirected,1016,0.732684
72,98,Undirected,1017,0.644508
73,13,Undirected,1018,2.02081
73,20,Undirected,1019,1.78481
73,23,Undirected,1020,1.43104
73,24,Undirected,1021,1.5362
73,37,Undirected,1022,1.64163
73,53,Undirected,1023,1.30232
73,70,Undirected,1024,1.03742
73,71,Undirected,1025,0.917383
73,80,Undirected,1026,7.7597
73,87,Undirected,1027,0.663054
73,88,Undirected,1028,0.753667
73,90,Undirected,1029,0.74593
73,92,Undirected,1030,0.806855
73,95,Undirected,1031,0.728784
73,96,Undirected,1032,0.637158
73,97,Undirected,1033,0.63701
73,98,Undirected,1034,0.77277
73,100,Undirected,1035,0.651436
74,1,Undirected,1036,1.61603
74,20,Undirected,1037,1.46098
74,21,Undirected,1038,1.53496
74,26,Undirected,1039,1.39663
74,28,Undirected,1040,1.48405
74,33,Undirected,1041,1.25093
74,47,Undirected,1042,1.24538
74,48,Undirected,1043,0.577313
74,49,Undirected,1044,1.1955
74,54,Undirected,1045,1.04897
74,58,Undirected,1046,4.27087
74,66,Undirected,1047,0.777929
74,69,Undirected,1048,0.685252
74,72,Undirected,1049,0.738995
74,76,Undirected,1050,0.773329
74,86,Undirected,1051,0.721006
74,91,Undirected,1052,0.605794
74,98,Undirected,1053,0.568758
75,6,Undirected,1054,1.73724
75,17,Undirected,1055,1.57987
75,32,Undirected,1056,1.68757
75,47,Undirected,1057,1.45342
75,50,Undirected,1058,1.17838
75,56,Undirected,1059,1.01978
75,58,Undirected,1060,0.840677
75,59,Undirected,1061,1.28045
75,61,Undirected,1062,68.5472
75,64,Undirected,1063,0.874044
75,67,Undirected,1064,0.91453
75,68,Undirected,1065,0.874053
75,78,Undirected,1066,0.839684
75,79,Undirected,1067,0.749224
75,88,Undirected,1068,0.746298
75,89,Undirected,1069,0.679272
75,92,Undirected,1070,0.25314
75,93,Undirected,1071,0.67979
76,1,Undirected,1072,1.95624
76,5,Undirected,1073,2.18352
76,19,Undirected,1074,5.20129
76,21,Undirected,1075,1.84871
76,24,Undirected,1076,0.539445
76,27,Undirected,1077,1.47569
76,57,Undirected,1078,1.02481
76,61,Undirected,1079,1.01169
76,66,Undirected,1080,0.886463
76,72,Undirected,1081,0.839215
76,74,Undirected,1082,0.77333
76,77,Undirected,1083,0.828345
76,78,Undirected,1084,0.843847
76,81,Undirected,1085,0.828345
76,86,Undirected,1086,0.817472
76,91,Undirected,1087,0.679484
76,92,Undirected,1088,0.801203
76,98,Undirected,1089,0.635609
77,5,Undirected,1090,1.94976
77,20,Undirected,1091,2.45319
77,26,Undirected,1092,1.50635
77,27,Undirected,1093,1.33993
77,39,Undirected,1094,1.20847
77,40,Undirected,1095,1.37072
77,42,Undirected,1096,1.27537
77,57,Undirected,1097,0.942702
77,61,Undirected,1098,0.931025
77,76,Undirected,1099,0.814148
77,78,Undirected,1100,0.780933
77,79,Undirected,1101,1.33351
77,81,Undirected,1102,0.767007
77,82,Undirected,1103,0.796699
77,83,Undirected,1104,0.769815
77,86,Undirected,1105,0.757231
77,92,Undirected,1106,0.742596
77,99,Undirected,1107,0.611492
78,5,Undirected,1108,2.04432
78,29,Undirected,1109,8.46716
78,32,Undirected,1110,1.61545
78,49,Undirected,1111,1.33505
78,50,Undirected,1112,1.133
78,56,Undirected,1113,0.982044
78,57,Undirected,1114,0.979757
78,61,Undirected,1115,0.9675
78,63,Undirected,1116,0.934653
78,64,Undirected,1117,0.843006
78,68,Undirected,1118,0.843006
78,75,Undirected,1119,0.825768
78,76,Undirected,1120,0.84496
78,77,Undirected,1121,0.7956
78,81,Undirected,1122,0.7956
78,82,Undirected,1123,0.826685
78,83,Undirected,1124,0.798531
78,97,Undirected,1125,0.457202
79,3,Undirected,1126,1.43797
79,7,Undirected,1127,1.30789
79,8,Undirected,1128,1.27662
79,17,Undirected,1129,1.29745
79,31,Undirected,1130,1.24123
79,38,Undirected,1131,1.46948
79,41,Undirected,1132,1.26189
79,46,Undirected,1133,0.956687
79,47,Undirected,1134,1.20199
79,49,Undirected,1135,1.12818
79,55,Undirected,1136,0.99203
79,59,Undirected,1137,1.06973
79,67,Undirected,1138,0.782758
79,75,Undirected,1139,0.735839
79,77,Undirected,1140,1.35676
79,85,Undirected,1141,0.577238
79,89,Undirected,1142,0.592225
79,93,Undirected,1143,0.59265
80,11,Undirected,1144,1.58823
80,15,Undirected,1145,1.41512
80,16,Undirected,1146,1.56579
80,18,Undirected,1147,1.34048
80,29,Undirected,1148,1.18042
80,35,Undirected,1149,0.950643
80,36,Undirected,1150,1.14416
80,43,Undirected,1151,1.15198
80,48,Undirected,1152,0.946527
80,52,Undirected,1153,1.08264
80,55,Undirected,1154,1.04081
80,62,Undirected,1155,0.789121
80,63,Undirected,1156,0.479465
80,73,Undirected,1157,7.89861
80,84,Undirected,1158,0.639889
80,94,Undirected,1159,0.709244
80,95,Undirected,1160,0.651744
80,96,Undirected,1161,0.574474
81,5,Undirected,1162,1.98374
81,8,Undirected,1163,4.38007
81,25,Undirected,1164,0.572029
81,26,Undirected,1165,1.5326
81,27,Undirected,1166,1.3633
81,39,Undirected,1167,1.22954
81,40,Undirected,1168,1.39462
81,42,Undirected,1169,1.29761
81,57,Undirected,1170,0.959133
81,61,Undirected,1171,0.947252
81,76,Undirected,1172,0.828346
81,77,Undirected,1173,0.780384
81,78,Undirected,1174,0.794553
81,82,Undirected,1175,0.810594
81,83,Undirected,1176,0.783233
81,86,Undirected,1177,0.770438
81,92,Undirected,1178,0.755547
81,99,Undirected,1179,0.622156
82,5,Undirected,1180,2.34907
82,32,Undirected,1181,1.8496
82,34,Undirected,1182,1.37205
82,41,Undirected,1183,1.67964
82,42,Undirected,1184,1.51857
82,56,Undirected,1185,1.1173
82,57,Undirected,1186,1.11467
82,58,Undirected,1187,0.920966
82,61,Undirected,1188,1.10057
82,63,Undirected,1189,1.0628
82,64,Undirected,1190,0.957541
82,68,Undirected,1191,0.957541
82,72,Undirected,1192,0.277009
82,77,Undirected,1193,0.903161
82,78,Undirected,1194,0.919879
82,81,Undirected,1195,0.903161
82,83,Undirected,1196,0.906523
82,88,Undirected,1197,0.817521
82,92,Undirected,1198,0.873879
83,11,Undirected,1199,1.97448
83,25,Undirected,1200,1.97019
83,27,Undirected,1201,1.52632
83,37,Undirected,1202,1.66297
83,39,Undirected,1203,1.37623
83,57,Undirected,1204,1.073
83,61,Undirected,1205,1.05968
83,62,Undirected,1206,0.708144
83,69,Undirected,1207,0.817358
83,71,Undirected,1208,0.95562
83,72,Undirected,1209,0.883817
83,77,Undirected,1210,0.872685
83,78,Undirected,1211,0.88855
83,81,Undirected,1212,0.872676
83,82,Undirected,1213,0.906522
83,86,Undirected,1214,0.861542
83,90,Undirected,1215,0.783418
83,95,Undirected,1216,0.766084
83,96,Undirected,1217,0.673025
84,2,Undirected,1218,1.22207
84,12,Undirected,1219,1.40871
84,15,Undirected,1220,1.38333
84,21,Undirected,1221,1.51985
84,22,Undirected,1222,1.16689
84,27,Undirected,1223,2.54905
84,32,Undirected,1224,0.616446
84,34,Undirected,1225,1.09243
84,36,Undirected,1226,1.13288
84,48,Undirected,1227,0.946986
84,51,Undirected,1228,1.18059
84,52,Undirected,1229,1.07532
84,60,Undirected,1230,0.844624
84,62,Undirected,1231,0.796739
84,65,Undirected,1232,0.813034
84,70,Undirected,1233,0.908205
84,80,Undirected,1234,0.712961
84,94,Undirected,1235,0.719687
84,95,Undirected,1236,0.663844
85,3,Undirected,1237,1.34459
85,6,Undirected,1238,1.32475
85,7,Undirected,1239,1.23237
85,8,Undirected,1240,1.20522
85,17,Undirected,1241,1.22333
85,31,Undirected,1242,1.17437
85,38,Undirected,1243,1.37158
85,41,Undirected,1244,1.1924
85,46,Undirected,1245,0.922506
85,47,Undirected,1246,1.14005
85,53,Undirected,1247,1.0173
85,55,Undirected,1248,0.954198
85,59,Undirected,1249,1.02343
85,67,Undirected,1250,0.764776
85,69,Undirected,1251,0.862522
85,79,Undirected,1252,0.641643
85,89,Undirected,1253,0.588152
85,91,Undirected,1254,1.64048
85,93,Undirected,1255,0.588547
86,17,Undirected,1256,1.45156
86,25,Undirected,1257,1.92213
86,26,Undirected,1258,1.67724
86,27,Undirected,1259,1.49348
86,39,Undirected,1260,1.34809
86,42,Undirected,1261,1.4221
86,44,Undirected,1262,1.14928
86,57,Undirected,1263,1.05359
86,64,Undirected,1264,0.873459
86,66,Undirected,1265,0.916397
86,69,Undirected,1266,0.804431
86,74,Undirected,1267,0.803346
86,76,Undirected,1268,0.910827
86,77,Undirected,1269,0.858421
86,81,Undirected,1270,0.858421
86,83,Undirected,1271,0.861543
86,91,Undirected,1272,0.708911
86,98,Undirected,1273,0.66454
86,99,Undirected,1274,0.685309
87,7,Undirected,1275,4.49501
87,9,Undirected,1276,1.19539
87,11,Undirected,1277,1.39066
87,13,Undirected,1278,1.45033
87,16,Undirected,1279,1.37322
87,18,Undirected,1280,1.19569
87,23,Undirected,1281,1.097
87,29,Undirected,1282,1.06672
87,30,Undirected,1283,1.08232
87,31,Undirected,1284,1.17115
87,40,Undirected,1285,1.16245
87,43,Undirected,1286,1.04352
87,51,Undirected,1287,1.07887
87,54,Undirected,1288,0.972804
87,60,Undirected,1289,0.490167
87,73,Undirected,1290,0.751998
87,92,Undirected,1291,0.677196
87,97,Undirected,1292,0.551698
87,100,Undirected,1293,0.562593
88,14,Undirected,1294,0.682634
88,23,Undirected,1295,2.10245
88,30,Undirected,1296,1.26338
88,32,Undirected,1297,1.52714
88,33,Undirected,1298,1.33837
88,37,Undirected,1299,1.44757
88,38,Undirected,1300,1.62828
88,49,Undirected,1301,1.28023
88,50,Undirected,1302,1.09885
88,56,Undirected,1303,0.96123
88,58,Undirected,1304,0.803003
88,64,Undirected,1305,0.832731
88,68,Undirected,1306,0.832731
88,71,Undirected,1307,0.859483
88,73,Undirected,1308,0.854764
88,75,Undirected,1309,0.816665
88,82,Undirected,1310,0.81752
88,90,Undirected,1311,0.711537
88,95,Undirected,1312,0.696515
89,3,Undirected,1313,1.39886
89,6,Undirected,1314,1.37785
89,7,Undirected,1315,1.28008
89,8,Undirected,1316,1.25136
89,17,Undirected,1317,1.27049
89,28,Undirected,1318,1.01541
89,33,Undirected,1319,1.21394
89,38,Undirected,1320,1.42747
89,41,Undirected,1321,1.23781
89,46,Undirected,1322,0.953587
89,47,Undirected,1323,1.18254
89,53,Undirected,1324,1.0532
89,55,Undirected,1325,0.986858
89,59,Undirected,1326,1.05966
89,67,Undirected,1327,0.788346
89,75,Undirected,1328,0.743319
89,79,Undirected,1329,0.659853
89,85,Undirected,1330,0.589538
89,93,Undirected,1331,0.604591
90,20,Undirected,1332,1.53651
90,24,Undirected,1333,1.34744
90,25,Undirected,1334,1.6704
90,26,Undirected,1335,8.76556
90,33,Undirected,1336,1.32121
90,37,Undirected,1337,1.42827
90,38,Undirected,1338,1.60526
90,39,Undirected,1339,1.19778
90,44,Undirected,1340,0.409738
90,50,Undirected,1341,1.08607
90,56,Undirected,1342,0.95077
90,69,Undirected,1343,0.733778
90,71,Undirected,1344,0.850627
90,72,Undirected,1345,0.790131
90,73,Undirected,1346,0.845989
90,83,Undirected,1347,0.783417
90,88,Undirected,1348,0.711537
90,95,Undirected,1349,0.690056
90,96,Undirected,1350,0.610121
91,1,Undirected,1351,1.49732
91,20,Undirected,1352,1.36547
91,21,Undirected,1353,1.4286
91,22,Undirected,1354,1.10515
91,25,Undirected,1355,1.47722
91,26,Undirected,1356,1.31023
91,28,Undirected,1357,1.3852
91,44,Undirected,1358,0.934823
91,47,Undirected,1359,1.17914
91,49,Undirected,1360,1.13551
91,54,Undirected,1361,1.00607
91,66,Undirected,1362,0.761299
91,68,Undirected,1363,0.796963
91,72,Undirected,1364,0.725506
91,74,Undirected,1365,0.674975
91,76,Undirected,1366,0.75708
91,85,Undirected,1367,1.64435
91,86,Undirected,1368,0.70891
91,98,Undirected,1369,0.566875
92,5,Undirected,1370,2.09973
92,9,Undirected,1371,1.53615
92,13,Undirected,1372,1.91533
92,23,Undirected,1373,1.39401
92,31,Undirected,1374,1.50092
92,42,Undirected,1375,1.38687
92,45,Undirected,1376,1.33189
92,51,Undirected,1377,1.36808
92,53,Undirected,1378,1.27721
92,61,Undirected,1379,1.01852
92,70,Undirected,1380,1.03293
92,73,Undirected,1381,0.915086
92,75,Undirected,1382,0.277009
92,76,Undirected,1383,0.892699
92,77,Undirected,1384,0.841827
92,81,Undirected,1385,0.841827
92,82,Undirected,1386,0.873878
92,87,Undirected,1387,0.677193
92,99,Undirected,1388,0.673455
93,3,Undirected,1389,1.4003
93,6,Undirected,1390,1.37926
93,7,Undirected,1391,1.28134
93,8,Undirected,1392,1.25258
93,17,Undirected,1393,1.27175
93,23,Undirected,1394,0.785596
93,31,Undirected,1395,1.21996
93,38,Undirected,1396,1.42896
93,46,Undirected,1397,0.9544
93,47,Undirected,1398,1.18368
93,53,Undirected,1399,1.05416
93,55,Undirected,1400,0.987714
93,59,Undirected,1401,1.06061
93,67,Undirected,1402,0.788964
93,72,Undirected,1403,1.67893
93,75,Undirected,1404,0.743885
93,79,Undirected,1405,0.660326
93,85,Undirected,1406,0.589933
93,89,Undirected,1407,0.60459
94,12,Undirected,1408,1.63052
94,15,Undirected,1409,1.59894
94,16,Undirected,1410,0.277008
94,21,Undirected,1411,1.76952
94,22,Undirected,1412,1.33239
94,34,Undirected,1413,1.24182
94,36,Undirected,1414,1.29095
94,45,Undirected,1415,1.31367
94,48,Undirected,1416,1.06674
94,51,Undirected,1417,1.34911
94,52,Undirected,1418,1.22111
94,55,Undirected,1419,1.17366
94,60,Undirected,1420,0.94498
94,62,Undirected,1421,0.888452
94,65,Undirected,1422,0.907657
94,70,Undirected,1423,1.02047
94,80,Undirected,1424,0.790235
94,84,Undirected,1425,0.719686
94,95,Undirected,1426,0.733084
95,2,Undirected,1427,1.38616
95,20,Undirected,1428,1.649
95,36,Undirected,1429,1.28383
95,37,Undirected,1430,1.53452
95,38,Undirected,1431,1.72159
95,45,Undirected,1432,1.30522
95,47,Undirected,1433,1.49254
95,60,Undirected,1434,0.954127
95,62,Undirected,1435,0.899514
95,65,Undirected,1436,0.918094
95,71,Undirected,1437,0.920192
95,72,Undirected,1438,0.855458
95,73,Undirected,1439,0.915223
95,80,Undirected,1440,0.804082
95,83,Undirected,1441,0.848277
95,84,Undirected,1442,0.735068
95,88,Undirected,1443,0.771245
95,90,Undirected,1444,0.764093
95,94,Undirected,1445,0.811738
95,99,Undirected,1446,0.732064
96,11,Undirected,1447,1.4599
96,16,Undirected,1448,1.44209
96,18,Undirected,1449,1.26012
96,19,Undirected,1450,1.25648
96,25,Undirected,1451,1.48819
96,29,Undirected,1452,1.12728
96,30,Undirected,1453,0.814733
96,33,Undirected,1454,1.20446
96,35,Undirected,1455,0.930714
96,37,Undirected,1456,1.2925
96,38,Undirected,1457,1.436
96,40,Undirected,1458,1.22593
96,43,Undirected,1459,1.10334
96,50,Undirected,1460,1.0075
96,69,Undirected,1461,0.701783
96,73,Undirected,1462,0.800694
96,80,Undirected,1463,0.709226
96,83,Undirected,1464,0.745733
96,90,Undirected,1465,0.676035
96,97,Undirected,1466,0.590762
97,2,Undirected,1467,2.24043
97,11,Undirected,1468,1.45944
97,13,Undirected,1469,1.52033
97,16,Undirected,1470,1.44162
97,18,Undirected,1471,1.25975
97,23,Undirected,1472,1.1582
97,29,Undirected,1473,1.12697
97,35,Undirected,1474,0.93048
97,40,Undirected,1475,1.22558
97,43,Undirected,1476,1.10304
97,45,Undirected,1477,1.1133
97,51,Undirected,1478,1.1395
97,52,Undirected,1479,1.04424
97,53,Undirected,1480,1.07344
97,70,Undirected,1481,0.891149
97,73,Undirected,1482,0.800508
97,78,Undirected,1483,0.563704
97,87,Undirected,1484,0.611298
97,96,Undirected,1485,0.590762
97,100,Undirected,1486,0.602107
98,1,Undirected,1487,1.51137
98,20,Undirected,1488,1.38395
98,21,Undirected,1489,1.44505
98,25,Undirected,1490,1.49199
98,26,Undirected,1491,1.33032
98,28,Undirected,1492,1.40307
98,33,Undirected,1493,1.20723
98,44,Undirected,1494,0.961885
98,47,Undirected,1495,1.2025
98,49,Undirected,1496,1.15975
98,52,Undirected,1497,1.0302
98,54,Undirected,1498,1.0324
98,66,Undirected,1499,0.788931
98,69,Undirected,1500,0.703012
98,72,Undirected,1501,0.75301
98,73,Undirected,1502,0.971111
98,74,Undirected,1503,0.70217
98,76,Undirected,1504,0.784701
98,86,Undirected,1505,0.73633
98,91,Undirected,1506,0.628115
99,4,Undirected,1507,1.24421
99,5,Undirected,1508,1.72576
99,10,Undirected,1509,1.42118
99,14,Undirected,1510,1.42116
99,18,Undirected,1511,1.44591
99,19,Undirected,1512,1.10489
99,27,Undirected,1513,1.25392
99,28,Undirected,1514,1.46412
99,42,Undirected,1515,1.2015
99,57,Undirected,1516,0.922437
99,59,Undirected,1517,1.1236
99,61,Undirected,1518,0.912341
99,65,Undirected,1519,0.830853
99,71,Undirected,1520,0.832658
99,77,Undirected,1521,0.768094
99,81,Undirected,1522,0.768094
99,86,Undirected,1523,0.759344
99,92,Undirected,1524,0.74621
99,95,Undirected,1525,0.732554
99,100,Undirected,1526,0.620232
100,4,Undirected,1527,1.2263
100,10,Undirected,1528,1.39932
100,13,Undirected,1529,1.56808
100,14,Undirected,1530,1.3993
100,19,Undirected,1531,1.0899
100,23,Undirected,1532,1.18984
100,28,Undirected,1533,1.44129
100,30,Undirected,1534,1.1741
100,51,Undirected,1535,1.17039
100,53,Undirected,1536,1.10167
100,55,Undirected,1537,1.13769
100,58,Undirected,1538,0.885871
100,59,Undirected,1539,1.10822
100,63,Undirected,1540,0.874394
100,65,Undirected,1541,0.821063
100,70,Undirected,1542,0.912461
100,73,Undirected,1543,0.818636
100,87,Undirected,1544,0.623369
100,97,Undirected,1545,0.602106
100,99,Undirected,1546,0.620231
